{
  "run_id": "nb06_20260124T172633Z_5cf12d26",
  "notebook_name": "06_model_training_and_local_resolution.ipynb",
  "created_at_utc": "2026-01-24T17:55:52.531562+00:00",
  "primary_model_id": "lgbm_tuned",
  "model_registry_version": "v1_nb06_baseline",
  "threshold_policy": "max_f1",
  "feature_count_raw": 442,
  "feature_count_core": 249,
  "zero_annotation_crops": [],
  "toggles": {
    "run_optuna": false,
    "run_lightgbm_family": true,
    "run_shap": true,
    "run_permutation": true,
    "run_visual_qa": true
  },
  "split_sizes": {
    "train": 570,
    "cal": 199,
    "test": 92
  },
  "test_metrics": {
    "gbdt_baseline": {
      "roc_auc": 0.9090909090909091,
      "avg_precision": 0.9008050711339257,
      "brier": 0.13386448029718723,
      "logloss": 0.4489236929633215,
      "ece": 0.13240026768973806,
      "f1": 0.8387096774193549,
      "precision": 0.7959183673469388,
      "recall": 0.8863636363636364,
      "tn": 38,
      "fp": 10,
      "fn": 5,
      "tp": 39,
      "threshold": 0.33457934185656274,
      "n_pos": 44,
      "n_total": 92,
      "pos_rate": 0.4782608695652174
    },
    "rf_baseline": {
      "roc_auc": 0.9171401515151515,
      "avg_precision": 0.9059484771106525,
      "brier": 0.1301345469562419,
      "logloss": 0.45871168687580566,
      "ece": 0.11712134761020704,
      "f1": 0.8666666666666667,
      "precision": 0.8478260869565217,
      "recall": 0.8863636363636364,
      "tn": 41,
      "fp": 7,
      "fn": 5,
      "tp": 39,
      "threshold": 0.33824119211122466,
      "n_pos": 44,
      "n_total": 92,
      "pos_rate": 0.4782608695652174
    },
    "lr_baseline": {
      "roc_auc": 0.8768939393939393,
      "avg_precision": 0.851179175802726,
      "brier": 0.1422771555494717,
      "logloss": 0.44870907134248056,
      "ece": 0.09181988309456357,
      "f1": 0.8172043010752689,
      "precision": 0.7755102040816326,
      "recall": 0.8636363636363636,
      "tn": 37,
      "fp": 11,
      "fn": 6,
      "tp": 38,
      "threshold": 0.4087186328013836,
      "n_pos": 44,
      "n_total": 92,
      "pos_rate": 0.4782608695652174
    },
    "gbdt_tuned": {
      "roc_auc": 0.9010416666666666,
      "avg_precision": 0.8785913082015999,
      "brier": 0.1322178342734012,
      "logloss": 0.4592807027216455,
      "ece": 0.10890486614705253,
      "f1": 0.8478260869565217,
      "precision": 0.8125,
      "recall": 0.8863636363636364,
      "tn": 39,
      "fp": 9,
      "fn": 5,
      "tp": 39,
      "threshold": 0.3953476054040038,
      "n_pos": 44,
      "n_total": 92,
      "pos_rate": 0.4782608695652174
    },
    "lgbm_tuned": {
      "roc_auc": 0.8771306818181819,
      "avg_precision": 0.8142453275102429,
      "brier": 0.14073660064862709,
      "logloss": 0.8127836590960713,
      "ece": 0.12086318166265508,
      "f1": 0.8314606741573034,
      "precision": 0.8222222222222222,
      "recall": 0.8409090909090909,
      "tn": 40,
      "fp": 8,
      "fn": 7,
      "tp": 37,
      "threshold": 0.6,
      "n_pos": 44,
      "n_total": 92,
      "pos_rate": 0.4782608695652174
    },
    "xgb_tuned": {
      "roc_auc": 0.9010416666666666,
      "avg_precision": 0.8921743785496316,
      "brier": 0.13010896187806792,
      "logloss": 0.4617672706984385,
      "ece": 0.11642270873469132,
      "f1": 0.8666666666666667,
      "precision": 0.8478260869565217,
      "recall": 0.8863636363636364,
      "tn": 41,
      "fp": 7,
      "fn": 5,
      "tp": 39,
      "threshold": 0.2726710670895438,
      "n_pos": 44,
      "n_total": 92,
      "pos_rate": 0.4782608695652174
    },
    "catboost_tuned": {
      "roc_auc": 0.8939393939393939,
      "avg_precision": 0.8479674764680898,
      "brier": 0.1329298018021432,
      "logloss": 0.45691926280721046,
      "ece": 0.12398065919492227,
      "f1": 0.8695652173913043,
      "precision": 0.8333333333333334,
      "recall": 0.9090909090909091,
      "tn": 40,
      "fp": 8,
      "fn": 4,
      "tp": 40,
      "threshold": 0.20658098852539236,
      "n_pos": 44,
      "n_total": 92,
      "pos_rate": 0.4782608695652174
    },
    "cnn_patch": {
      "roc_auc": 0.9124053030303031,
      "avg_precision": 0.8885687338585682,
      "brier": 0.1189274682582109,
      "logloss": 0.35506540576199247,
      "ece": 0.060411443498552486,
      "f1": 0.8297872340425532,
      "precision": 0.78,
      "recall": 0.8863636363636364,
      "tn": 37,
      "fp": 11,
      "fn": 5,
      "tp": 39,
      "threshold": 0.6277503371238708,
      "n_pos": 44,
      "n_total": 92,
      "pos_rate": 0.4782608695652174
    },
    "gbdt_cnn_stacked": {
      "roc_auc": 0.8977272727272727,
      "avg_precision": 0.8812557824291107,
      "brier": 0.1321503727536688,
      "logloss": 0.42741808870768455,
      "ece": 0.06942023114063996,
      "f1": 0.8333333333333334,
      "precision": 0.7692307692307693,
      "recall": 0.9090909090909091,
      "tn": 36,
      "fp": 12,
      "fn": 4,
      "tp": 40,
      "threshold": 0.4697708788998225,
      "n_pos": 44,
      "n_total": 92,
      "pos_rate": 0.4782608695652174
    },
    "gbdt_stacked": {
      "roc_auc": 0.8823390151515151,
      "avg_precision": 0.8492365965192985,
      "brier": 0.1559829341851401,
      "logloss": 0.8045417485845027,
      "ece": 0.12783431472951795,
      "f1": 0.8085106382978723,
      "precision": 0.76,
      "recall": 0.8636363636363636,
      "tn": 36,
      "fp": 12,
      "fn": 6,
      "tp": 38,
      "threshold": 0.75,
      "n_pos": 44,
      "n_total": 92,
      "pos_rate": 0.4782608695652174
    }
  },
  "thresholds": {
    "gbdt_baseline": 0.33457934185656274,
    "rf_baseline": 0.33824119211122466,
    "lr_baseline": 0.4087186328013836,
    "gbdt_tuned": 0.3953476054040038,
    "lgbm_tuned": 0.6,
    "xgb_tuned": 0.2726710670895438,
    "catboost_tuned": 0.20658098852539236,
    "cnn_patch": 0.6277503371238708,
    "gbdt_cnn_stacked": 0.4697708788998225,
    "gbdt_stacked": 0.75
  },
  "cal_methods": {
    "gbdt_baseline": "sigmoid",
    "rf_baseline": "sigmoid",
    "lr_baseline": "sigmoid",
    "gbdt_tuned": "sigmoid",
    "lgbm_tuned": "isotonic",
    "xgb_tuned": "sigmoid",
    "catboost_tuned": "sigmoid",
    "cnn_patch": "temperature",
    "gbdt_cnn_stacked": "sigmoid",
    "gbdt_stacked": "isotonic"
  },
  "inputs": {
    "supervision": "/Users/baghnatios/Desktop/spot-detection-meta/tables/nb05_20260124T042657Z_2af2592e_training_supervision_table.parquet",
    "splits": "/Users/baghnatios/Desktop/spot-detection-meta/tables/nb05_20260124T042657Z_2af2592e_splits.parquet"
  },
  "outputs": {
    "model_predictions": "/Users/baghnatios/Desktop/spot-detection-meta/tables/nb06_20260124T172633Z_5cf12d26_model_predictions.parquet",
    "feature_stats": "/Users/baghnatios/Desktop/spot-detection-meta/tables/nb06_20260124T172633Z_5cf12d26_feature_stats.parquet",
    "threshold_sweep": "/Users/baghnatios/Desktop/spot-detection-meta/artifacts/reports/nb06_model/nb06_20260124T172633Z_5cf12d26_threshold_sweep.parquet",
    "model_comparison": "/Users/baghnatios/Desktop/spot-detection-meta/artifacts/reports/nb06_model/nb06_20260124T172633Z_5cf12d26_model_comparison.parquet",
    "shap_importance": "/Users/baghnatios/Desktop/spot-detection-meta/artifacts/reports/nb06_model/nb06_20260124T172633Z_5cf12d26_shap_importance.parquet",
    "perm_importance": "/Users/baghnatios/Desktop/spot-detection-meta/artifacts/reports/nb06_model/nb06_20260124T172633Z_5cf12d26_perm_importance.parquet",
    "test_predictions_errors": "/Users/baghnatios/Desktop/spot-detection-meta/artifacts/reports/nb06_model/nb06_20260124T172633Z_5cf12d26_test_predictions_errors.parquet",
    "model_card": "/Users/baghnatios/Desktop/spot-detection-meta/artifacts/model_cards/nb06_20260124T172633Z_5cf12d26_model_card.md"
  }
}