{
  "C8": {
    "C1_638": {
      "hp_energy": 0.05329239367040864,
      "log_energy_s3": 207.89723171202036,
      "raw_std": 508.264183595221
    },
    "C4_561": {
      "hp_energy": 0.03948828656014931,
      "log_energy_s3": 84.83111725174169,
      "raw_std": 391.08814484726275
    },
    "C4_638": {
      "hp_energy": 0.022908746373795252,
      "log_energy_s3": 219.71043308082284,
      "raw_std": 751.1687207444447
    },
    "C5_561": {
      "hp_energy": 0.05393068075221467,
      "log_energy_s3": 58.791482912007304,
      "raw_std": 358.8644463813731
    },
    "C5_638": {
      "hp_energy": 0.07141582574071038,
      "log_energy_s3": 93.85128566817568,
      "raw_std": 370.116964191884
    }
  },
  "D8": {
    "C1_638": {
      "hp_energy": 0.04363482283192948,
      "log_energy_s3": 317.40119586405547,
      "raw_std": 777.7685370627845
    },
    "C4_561": {
      "hp_energy": 0.04564408924719527,
      "log_energy_s3": 20.479684350984808,
      "raw_std": 176.00948654766412
    },
    "C4_638": {
      "hp_energy": 0.026706543447912255,
      "log_energy_s3": 25.9232305677637,
      "raw_std": 379.34111802161414
    },
    "C5_561": {
      "hp_energy": 0.05086108817297619,
      "log_energy_s3": 235.5427705945422,
      "raw_std": 544.4817932050286
    },
    "C5_638": {
      "hp_energy": 0.06653384193943301,
      "log_energy_s3": 506.16152407501255,
      "raw_std": 1025.2814249812734
    }
  }
}